<?xml version="1.0" encoding="UTF-8"?>
<project-private xmlns="http://www.netbeans.org/ns/project-private/1">
    <editor-bookmarks xmlns="http://www.netbeans.org/ns/editor-bookmarks/1"/>
    <editor-bookmarks xmlns="http://www.netbeans.org/ns/editor-bookmarks/2" lastBookmarkId="0"/>
    <open-files xmlns="http://www.netbeans.org/ns/projectui-open-files/2">
        <group>
            <file>file:/C:/Users/Usuario/OneDrive%20-%20HITSS%20DO%20BRASIL%20SERVIÇOS%20TECNOLOGICOS%20LTDA/Área%20de%20Trabalho/UJCar/UJCar/src/UJCar.java</file>
            <file>file:/C:/Users/Usuario/OneDrive%20-%20HITSS%20DO%20BRASIL%20SERVIÇOS%20TECNOLOGICOS%20LTDA/Área%20de%20Trabalho/UJCar/UJCar/src/TelaInicial.java</file>
            <file>file:/C:/Users/Usuario/OneDrive%20-%20HITSS%20DO%20BRASIL%20SERVIÇOS%20TECNOLOGICOS%20LTDA/Área%20de%20Trabalho/UJCar/UJCar/src/TelaSobre.java</file>
            <file>file:/C:/Users/Usuario/OneDrive%20-%20HITSS%20DO%20BRASIL%20SERVIÇOS%20TECNOLOGICOS%20LTDA/Área%20de%20Trabalho/UJCar/UJCar/src/ujcar/controle/Carro.java</file>
        </group>
    </open-files>
</project-private>
